Category,ClickCount
blowjob,107388
teen,101003
tits,67266
big tits,65166
babe,52107
hardcore,32218
black,25709
voyeur,17493
strapon,12626
old,9364
pornstar,8408
ass,6059
lesbian,4820
hentai,4712
big dick,4041
interracial,3756
deepthroat,3531
mature,3056
asian,3044
russian,2770
fat,2718
fetish,2698
college,2079
huge cock,2027
masturbation,1981
hairy,1546
cartoon,1342
big ass,1254
handjob,1189
ebony,1015
granny,937
party,857
bondage,817
busty,579
cumshot,563
redhead,559
petite,534
blonde,526
celebrity,460
shower,457
spank,427
bbw,381
gangbang,337
amateur,296
first time,287
huge tits,250
orgasm,238
arab,229
femdom,227
anal,212
facial,198
chinese,183
european,146
euro,146
bisexual,136
schoolgirl,134
orgy,125
latina,120
japanese,120
small tits,113
gaping,111
italian,109
exhibitionist,103
big black cock,96
feet,94
bukkake,91
rough sex,81
indian,68
toy,65
spanish,56
french,51
huge boobs,50
milf,48
swingers,47
doggystyle,42
squirt,40
romantic,34
softcore,32
daddy,28
panties,26
german,24
funny,20
3D,14
korean,11
brazilian,7
creampie,6
threesome,5
brunette,5
bdsm,4
reality,4
public,2
tattoo,2
