CATEGORY,CATEGORYPOPULARITY
,9121
teen,1703
black,976
blowjob,670
ass,575
old,513
hardcore,460
lesbian,296
fat,290
tits,275
mature,268
hentai,236
fetish,186
masturbation,153
voyeur,149
russian,139
bondage,138
interracial,133
asian,104
strapon,95
femdom,90
granny,77
handjob,71
cartoon,68
busty,66
deepthroat,61
orgasm,61
petite,61
hairy,60
college,57
gangbang,53
ebony,52
amateur,51
cumshot,50
blonde,49
party,49
anal,47
bbw,46
spank,46
orgy,45
japanese,41
facial,35
redhead,35
schoolgirl,35
latina,30
shower,28
first time,28
toy,25
exhibitionist,23
italian,20
gaping,20
french,19
indian,19
daddy,17
euro,17
feet,16
squirt,16
swingers,15
milf,15
softcore,13
arab,13
bisexual,12
romantic,11
funny,10
brazilian,10
german,10
chinese,10
spanish,9
bukkake,9
creampie,7
panties,6
korean,5
public,4
threesome,3
brunette,3
tattoo,3
bdsm,2
vintage,2
reality,2
smoking,2
doggystyle,1
babysitter,1
