STATE,CATEGORY
Alabama,tits
Alaska,cartoon
Arizona,teen
Arkansas,hentai
California,babe
Colorado,pornstar
Delaware,lesbian
Florida,masturbation
Georgia,teen
Hawaii,babe
Idaho,big tits
Illinois,russian
Indiana,voyeur
Iowa,teen
Kansas,hardcore
Kentucky,shower
Louisiana,teen
Maryland,strapon
Massachusetts,teen
Michigan,redhead
Minnesota,big dick
Mississippi,fat
Missouri,asian
Montana,fetish
Nebraska,teen
Nevada,fat
New Jersey,interracial
New Mexico,big dick
New York,bondage
North Carolina,old
North Dakota,babe
Ohio,interracial
Oklahoma,tits
Oregon,college
Pennsylvania,big tits
Puerto Rico,gangbang
South Carolina,lesbian
South Dakota,teen
Tennessee,babe
Texas,blowjob
Utah,black
Virginia,black
Washington,black
West Virginia,huge cock
Wisconsin,brazilian
Wyoming,teen
